,time,Electrode 0,Electrode 1,Electrode 2,Electrode 3
0,0.0,0.20449590682983398,0.21642020344734192,0.7491937279701233,1.1478655338287354
